Organism name,Length,Benchmark ID,Taxonomy.ENA.superkingdom,Taxonomy.ENA.phylum
Halobacillus salinus,904,CRW_16S_B_10614,Bacteria,Firmicutes
Halobacillus trueperi,910,CRW_16S_B_10619,Bacteria,Firmicutes
Staphylococcus cohnii,986,CRW_16S_B_13341,Bacteria,Firmicutes
Bacillus aquimaris,935,CRW_16S_B_13814,Bacteria,Firmicutes
Streptococcus agalactiae,987,CRW_16S_B_15345,Bacteria,Firmicutes
Eubacterium sp.,954,CRW_16S_B_16263,Bacteria,Firmicutes
Lachnospira multipara,977,CRW_16S_B_16343,Bacteria,Firmicutes
Moorella thermoacetica,873,CRW_16S_B_16353,Bacteria,Firmicutes
Thermoanaerobacter thermohydrosulfuricus,868,CRW_16S_B_16442,Bacteria,Firmicutes
Brachybacterium paraconglomeratum,885,CRW_16S_B_1973,Bacteria,Actinobacteria
Mycobacterium gordonae,917,CRW_16S_B_2027,Bacteria,Actinobacteria
Mycobacterium malmoense,915,CRW_16S_B_2028,Bacteria,Actinobacteria
Mycobacterium xenopi,942,CRW_16S_B_4109,Bacteria,Actinobacteria
Rhodococcus sp.,954,CRW_16S_B_4247,Bacteria,Actinobacteria
Anoxybacillus gonensis,1355,CRW_16S_B_10012,Bacteria,Firmicutes
Streptococcus anginosus,1024,CRW_16S_B_10189,Bacteria,Firmicutes
Streptococcus mitis,1025,CRW_16S_B_10190,Bacteria,Firmicutes
Streptococcus suis,1013,CRW_16S_B_10478,Bacteria,Firmicutes
Lactobacillus gasseri,1394,CRW_16S_B_10767,Bacteria,Firmicutes
Nocardia elegans,1381,CRW_16S_B_1097,Bacteria,Actinobacteria
Streptococcus gallolyticus,1354,CRW_16S_B_11012,Bacteria,Firmicutes
Streptococcus sanguinis,1198,CRW_16S_B_11162,Bacteria,Firmicutes
Streptococcus pyogenes SSI-1,1335,CRW_16S_B_11297,Bacteria,Firmicutes
Brevibacillus brevis,1389,CRW_16S_B_11336,Bacteria,Firmicutes
Sporosarcina globispora,1384,CRW_16S_B_11424,Bacteria,Firmicutes
Streptococcus pyogenes MGAS10270,1231,CRW_16S_B_11721,Bacteria,Firmicutes
Carnobacterium mobile,1386,CRW_16S_B_11740,Bacteria,Firmicutes
Caryophanon latum,1216,CRW_16S_B_11744,Bacteria,Firmicutes
Dehalobacterium formicoaceticum,1319,CRW_16S_B_11747,Bacteria,Firmicutes
Streptomyces olivaceus,1242,CRW_16S_B_1193,Bacteria,Actinobacteria
Acidothermus cellulolyticus,1277,CRW_16S_B_1197,Bacteria,Actinobacteria
Actinomyces bovis,1368,CRW_16S_B_1210,Bacteria,Actinobacteria
Actinomyces naeslundii,1378,CRW_16S_B_1224,Bacteria,Actinobacteria
Actinomyces slackii,1242,CRW_16S_B_1235,Bacteria,Actinobacteria
Actinomyces viscosus,1351,CRW_16S_B_1239,Bacteria,Actinobacteria
Actinopolyspora mortivallis,1362,CRW_16S_B_1244,Bacteria,Actinobacteria
Bifidobacterium longum NCC2705,1031,CRW_16S_B_1252,Bacteria,Actinobacteria
Micrococcus luteus,1223,CRW_16S_B_1285,Bacteria,Actinobacteria
Streptococcus equi,1370,CRW_16S_B_13020,Bacteria,Firmicutes
Rhodococcus erythropolis,1325,CRW_16S_B_1432,Bacteria,Actinobacteria
Filibacter limicola,1182,CRW_16S_B_15095,Bacteria,Firmicutes
Lactobacillus acidophilus,1381,CRW_16S_B_15117,Bacteria,Firmicutes
Leuconostoc carnosum,1333,CRW_16S_B_15136,Bacteria,Firmicutes
Lactobacillus helveticus,1335,CRW_16S_B_15177,Bacteria,Firmicutes
Listeria seeligeri,1386,CRW_16S_B_15186,Bacteria,Firmicutes
Melissococcus plutonius,1400,CRW_16S_B_15238,Bacteria,Firmicutes
Oenococcus oeni,1335,CRW_16S_B_15242,Bacteria,Firmicutes
Sporosarcina ureae,1385,CRW_16S_B_15333,Bacteria,Firmicutes
Streptococcus sp.,1395,CRW_16S_B_15343,Bacteria,Firmicutes
Streptococcus alactolyticus,1335,CRW_16S_B_15348,Bacteria,Firmicutes
Streptococcus canis,1335,CRW_16S_B_15360,Bacteria,Firmicutes
Streptococcus criceti,1335,CRW_16S_B_15362,Bacteria,Firmicutes
Streptococcus dysgalactiae,1335,CRW_16S_B_15365,Bacteria,Firmicutes
Streptococcus hyointestinalis,1299,CRW_16S_B_15371,Bacteria,Firmicutes
Streptococcus mutans,1335,CRW_16S_B_15378,Bacteria,Firmicutes
Streptococcus oralis,1334,CRW_16S_B_15379,Bacteria,Firmicutes
Streptococcus porcinus,1333,CRW_16S_B_15384,Bacteria,Firmicutes
Streptococcus ratti,1335,CRW_16S_B_15393,Bacteria,Firmicutes
Streptococcus salivarius,1334,CRW_16S_B_15394,Bacteria,Firmicutes
Streptococcus sobrinus,1335,CRW_16S_B_15399,Bacteria,Firmicutes
Actinoplanes teichomyceticus,1365,CRW_16S_B_1555,Bacteria,Actinobacteria
Arthrobacter citreus,1268,CRW_16S_B_1630,Bacteria,Actinobacteria
Kocuria marina,1209,CRW_16S_B_1632,Bacteria,Actinobacteria
Actinoplanes couchii,1371,CRW_16S_B_1645,Bacteria,Actinobacteria
Actinomadura madurae,1341,CRW_16S_B_1662,Bacteria,Actinobacteria
Actinomadura verrucosospora,1339,CRW_16S_B_1664,Bacteria,Actinobacteria
uncultured Clostridiaceae bacterium,1365,CRW_16S_B_15598,Bacteria,Firmicutes
Clostridium botulinum,1323,CRW_16S_B_15599,Bacteria,Firmicutes
Clostridium butyricum,1243,CRW_16S_B_15619,Bacteria,Firmicutes
Actinoplanes philippinensis,1286,CRW_16S_B_1703,Bacteria,Actinobacteria
Clostridium cadaveris,1394,CRW_16S_B_15921,Bacteria,Firmicutes
Clostridium celatum,1326,CRW_16S_B_15924,Bacteria,Firmicutes
Clostridium intestinale,1385,CRW_16S_B_15960,Bacteria,Firmicutes
Clostridium ljungdahlii,1393,CRW_16S_B_15970,Bacteria,Firmicutes
Coprococcus eutactus,1326,CRW_16S_B_15987,Bacteria,Firmicutes
Clostridium sp.,1369,CRW_16S_B_16019,Bacteria,Firmicutes
Clostridium sporogenes,1398,CRW_16S_B_16024,Bacteria,Firmicutes
Clostridium tetanomorphum,1365,CRW_16S_B_16040,Bacteria,Firmicutes
Clostridium perfringens,1214,CRW_16S_B_16094,Bacteria,Firmicutes
Clostridium diolis,1379,CRW_16S_B_16256,Bacteria,Firmicutes
Megasphaera cerevisiae,1359,CRW_16S_B_16346,Bacteria,Firmicutes
Peptoniphilus asaccharolyticus,1369,CRW_16S_B_16368,Bacteria,Firmicutes
Anaerococcus hydrogenalis,1369,CRW_16S_B_16371,Bacteria,Firmicutes
Peptoniphilus indolicus,1366,CRW_16S_B_16372,Bacteria,Firmicutes
Peptoniphilus lacrimalis,1367,CRW_16S_B_16374,Bacteria,Firmicutes
Finegoldia magna,1351,CRW_16S_B_16375,Bacteria,Firmicutes
Anaerococcus prevotii,1364,CRW_16S_B_16377,Bacteria,Firmicutes
Anaerococcus tetradius,1371,CRW_16S_B_16380,Bacteria,Firmicutes
Anaerococcus vaginalis,1369,CRW_16S_B_16381,Bacteria,Firmicutes
Selenomonas ruminantium,1389,CRW_16S_B_16403,Bacteria,Firmicutes
Sporomusa termitida,1366,CRW_16S_B_16410,Bacteria,Firmicutes
Pelotomaculum schinkii,1361,CRW_16S_B_16425,Bacteria,Firmicutes
Arthrobacter globiformis,1327,CRW_16S_B_1805,Bacteria,Actinobacteria
Nocardia nova,1383,CRW_16S_B_1831,Bacteria,Actinobacteria
Nocardia veterana,1395,CRW_16S_B_1834,Bacteria,Actinobacteria
Corynebacterium freneyi,1225,CRW_16S_B_1871,Bacteria,Actinobacteria
Streptacidiphilus jiangxiensis,1324,CRW_16S_B_1966,Bacteria,Actinobacteria
Rice orange leaf phytoplasma,1368,CRW_16S_B_16468,Bacteria,Tenericutes
uncultured Ureaplasma sp.,1010,CRW_16S_B_16666,Bacteria,Tenericutes
Bulleidia extructa,1348,CRW_16S_B_16741,Bacteria,Firmicutes
Kitasatospora kifunensis,1380,CRW_16S_B_2070,Bacteria,Actinobacteria
Spiroplasma clarkii,1387,CRW_16S_B_17026,Bacteria,Tenericutes
Nocardia mexicana,1329,CRW_16S_B_2212,Bacteria,Actinobacteria
Mycobacterium simiae,1203,CRW_16S_B_2266,Bacteria,Actinobacteria
Micrococcus lylae,1318,CRW_16S_B_2333,Bacteria,Actinobacteria
Streptomyces griseus,1397,CRW_16S_B_2518,Bacteria,Actinobacteria
Streptomyces bikiniensis,1382,CRW_16S_B_2535,Bacteria,Actinobacteria
Streptomyces fradiae,1304,CRW_16S_B_257,Bacteria,Actinobacteria
Streptomyces vinaceus,1151,CRW_16S_B_2614,Bacteria,Actinobacteria
Streptomyces flaveolus,1192,CRW_16S_B_2635,Bacteria,Actinobacteria
Streptomyces griseoaurantiacus,1397,CRW_16S_B_2708,Bacteria,Actinobacteria
Streptomyces griseolus,1399,CRW_16S_B_2709,Bacteria,Actinobacteria
Streptomyces avellaneus,1328,CRW_16S_B_2729,Bacteria,Actinobacteria
Streptomyces canarius,1318,CRW_16S_B_2732,Bacteria,Actinobacteria
Streptomyces carpinensis,1285,CRW_16S_B_2734,Bacteria,Actinobacteria
Streptomyces fulvissimus,1322,CRW_16S_B_2743,Bacteria,Actinobacteria
Streptomyces gancidicus,1377,CRW_16S_B_2744,Bacteria,Actinobacteria
Streptomyces spectabilis,1317,CRW_16S_B_2750,Bacteria,Actinobacteria
Catenuloplanes japonicus,1192,CRW_16S_B_2835,Bacteria,Actinobacteria
Couchioplanes caeruleus,1148,CRW_16S_B_2838,Bacteria,Actinobacteria
Corynebacterium accolens,1393,CRW_16S_B_2866,Bacteria,Actinobacteria
Corynebacterium afermentans,1326,CRW_16S_B_2867,Bacteria,Actinobacteria
Corynebacterium ammoniagenes,1311,CRW_16S_B_2871,Bacteria,Actinobacteria
Corynebacterium argentoratense,1314,CRW_16S_B_2876,Bacteria,Actinobacteria
Corynebacterium amycolatum,1322,CRW_16S_B_2877,Bacteria,Actinobacteria
Corynebacterium sp.,1285,CRW_16S_B_2878,Bacteria,Actinobacteria
Corynebacterium bovis,1387,CRW_16S_B_2879,Bacteria,Actinobacteria
Corynebacterium cystitidis,1322,CRW_16S_B_2886,Bacteria,Actinobacteria
Corynebacterium diphtheriae,1391,CRW_16S_B_2888,Bacteria,Actinobacteria
Corynebacterium genitalium,1392,CRW_16S_B_2896,Bacteria,Actinobacteria
Corynebacterium jeikeium,1333,CRW_16S_B_2903,Bacteria,Actinobacteria
Corynebacterium kutscheri,1331,CRW_16S_B_2906,Bacteria,Actinobacteria
Corynebacterium macginleyi,1393,CRW_16S_B_2908,Bacteria,Actinobacteria
Corynebacterium matruchotii,1346,CRW_16S_B_2909,Bacteria,Actinobacteria
Corynebacterium minutissimum,1400,CRW_16S_B_2912,Bacteria,Actinobacteria
Corynebacterium mycetoides,1396,CRW_16S_B_2914,Bacteria,Actinobacteria
Corynebacterium pilosum,1381,CRW_16S_B_2917,Bacteria,Actinobacteria
Corynebacterium propinquum,1396,CRW_16S_B_2920,Bacteria,Actinobacteria
Corynebacterium pseudodiphtheriticum,1396,CRW_16S_B_2922,Bacteria,Actinobacteria
Corynebacterium pseudotuberculosis,1396,CRW_16S_B_2927,Bacteria,Actinobacteria
Corynebacterium renale,1289,CRW_16S_B_2931,Bacteria,Actinobacteria
Corynebacterium glucuronolyticum,1323,CRW_16S_B_2939,Bacteria,Actinobacteria
Corynebacterium striatum,1324,CRW_16S_B_2942,Bacteria,Actinobacteria
Dactylosporangium aurantiacum,1358,CRW_16S_B_2986,Bacteria,Actinobacteria
Micromonospora chalcea,1389,CRW_16S_B_3119,Bacteria,Actinobacteria
Micromonospora echinospora,1373,CRW_16S_B_3122,Bacteria,Actinobacteria
Micromonospora matsumotoense,1364,CRW_16S_B_3125,Bacteria,Actinobacteria
Kocuria rosea,1309,CRW_16S_B_3187,Bacteria,Actinobacteria
Streptomyces cinnamonensis,1353,CRW_16S_B_3244,Bacteria,Actinobacteria
Nocardia abscessus,1321,CRW_16S_B_3335,Bacteria,Actinobacteria
uncultured Microbacterium sp.,1398,CRW_16S_B_3357,Bacteria,Actinobacteria
Streptomyces rutgersensis,1347,CRW_16S_B_3476,Bacteria,Actinobacteria
Streptomyces lanatus,1347,CRW_16S_B_3478,Bacteria,Actinobacteria
Streptomyces spiroverticillatus,1392,CRW_16S_B_3495,Bacteria,Actinobacteria
Streptomyces turgidiscabies,1386,CRW_16S_B_3496,Bacteria,Actinobacteria
Streptomyces scabiei,1396,CRW_16S_B_3506,Bacteria,Actinobacteria
Dietzia maris,1316,CRW_16S_B_3707,Bacteria,Actinobacteria
Gordonia amarae,1367,CRW_16S_B_3803,Bacteria,Actinobacteria
Gordonia rubripertincta,1400,CRW_16S_B_3810,Bacteria,Actinobacteria
Gordonia sputi,1320,CRW_16S_B_3812,Bacteria,Actinobacteria
Gordonia terrae,1319,CRW_16S_B_3817,Bacteria,Actinobacteria
Kineococcus aurantiacus,1394,CRW_16S_B_3852,Bacteria,Actinobacteria
Kutzneria viridogrisea,1311,CRW_16S_B_3855,Bacteria,Actinobacteria
Leucobacter komagatae,1340,CRW_16S_B_3857,Bacteria,Actinobacteria
Luteococcus japonicus,1207,CRW_16S_B_3858,Bacteria,Actinobacteria
Mycobacterium celatum,1339,CRW_16S_B_3876,Bacteria,Actinobacteria
Mycobacterium heidelbergense,1358,CRW_16S_B_3890,Bacteria,Actinobacteria
Mycobacterium lentiflavum,1224,CRW_16S_B_3896,Bacteria,Actinobacteria
Mycobacterium avium subsp. paratuberculosis,1365,CRW_16S_B_3966,Bacteria,Actinobacteria
Mycobacterium szulgai,1379,CRW_16S_B_4087,Bacteria,Actinobacteria
Nocardia asteroides,1372,CRW_16S_B_4125,Bacteria,Actinobacteria
Nocardia brasiliensis,1366,CRW_16S_B_4131,Bacteria,Actinobacteria
Nocardia carnea,1367,CRW_16S_B_4136,Bacteria,Actinobacteria
Nocardia seriolae,1368,CRW_16S_B_4151,Bacteria,Actinobacteria
Nocardia transvalensis,1366,CRW_16S_B_4153,Bacteria,Actinobacteria
Pseudonocardia alni,1345,CRW_16S_B_4201,Bacteria,Actinobacteria
Pseudonocardia autotrophica,1332,CRW_16S_B_4202,Bacteria,Actinobacteria
Pseudonocardia hydrocarbonoxydans,1310,CRW_16S_B_4204,Bacteria,Actinobacteria
Pseudonocardia thermophila,1299,CRW_16S_B_4208,Bacteria,Actinobacteria
Rhodococcus coprophilus,1321,CRW_16S_B_4217,Bacteria,Actinobacteria
Rhodococcus fascians,1314,CRW_16S_B_4232,Bacteria,Actinobacteria
Rhodococcus globerulus,1315,CRW_16S_B_4237,Bacteria,Actinobacteria
Rhodococcus rhodnii,1369,CRW_16S_B_4250,Bacteria,Actinobacteria
Rhodococcus rhodochrous,1319,CRW_16S_B_4253,Bacteria,Actinobacteria
Streptomyces purpurogeneiscleroticus,1389,CRW_16S_B_426,Bacteria,Actinobacteria
Rhodococcus zopfii,1319,CRW_16S_B_4268,Bacteria,Actinobacteria
Renibacterium salmoninarum,1054,CRW_16S_B_4269,Bacteria,Actinobacteria
Saccharomonospora viridis,1376,CRW_16S_B_4296,Bacteria,Actinobacteria
Saccharopolyspora hirsuta,1381,CRW_16S_B_4306,Bacteria,Actinobacteria
Saccharopolyspora hordei,1340,CRW_16S_B_4308,Bacteria,Actinobacteria
Saccharopolyspora rectivirgula,1260,CRW_16S_B_4309,Bacteria,Actinobacteria
Streptomyces abikoensis,1177,CRW_16S_B_4363,Bacteria,Actinobacteria
Streptomyces albus,1242,CRW_16S_B_4366,Bacteria,Actinobacteria
Streptomyces brasiliensis,1239,CRW_16S_B_4372,Bacteria,Actinobacteria
Streptomyces cinnamoneus,1181,CRW_16S_B_4375,Bacteria,Actinobacteria
Streptomyces diastaticus,1193,CRW_16S_B_4383,Bacteria,Actinobacteria
Streptomyces lavendulae,1186,CRW_16S_B_4396,Bacteria,Actinobacteria
Streptomyces mobaraensis,1197,CRW_16S_B_4401,Bacteria,Actinobacteria
Streptomyces purpureus,1190,CRW_16S_B_4413,Bacteria,Actinobacteria
Acrocarpospora corrugata,1341,CRW_16S_B_4470,Bacteria,Actinobacteria
Streptosporangium nondiastaticum,1342,CRW_16S_B_4478,Bacteria,Actinobacteria
Streptomyces fumanus,1341,CRW_16S_B_448,Bacteria,Actinobacteria
Streptosporangium pseudovulgare,1345,CRW_16S_B_4481,Bacteria,Actinobacteria
Streptosporangium roseum,1322,CRW_16S_B_4486,Bacteria,Actinobacteria
Streptomyces griseorubiginosus,1395,CRW_16S_B_450,Bacteria,Actinobacteria
Terrabacter tumescens,1399,CRW_16S_B_4508,Bacteria,Actinobacteria
Tsukamurella paurometabola,1341,CRW_16S_B_4515,Bacteria,Actinobacteria
Acetobacter orientalis,1390,CRW_16S_B_4547,Bacteria,Proteobacteria
Streptomyces olivaceoviridis,1268,CRW_16S_B_462,Bacteria,Actinobacteria
Streptomyces olivochromogenes,1178,CRW_16S_B_463,Bacteria,Actinobacteria
Brevundimonas diminuta,1343,CRW_16S_B_4676,Bacteria,Proteobacteria
Aminobacter aminovorans,1352,CRW_16S_B_4678,Bacteria,Proteobacteria
Bradyrhizobium elkanii,1382,CRW_16S_B_4778,Bacteria,Proteobacteria
uncultured Methylobacterium sp.,1304,CRW_16S_B_4845,Bacteria,Proteobacteria
Acidiphilium rubrum,1073,CRW_16S_B_4916,Bacteria,Proteobacteria
Zymomonas mobilis,1134,CRW_16S_B_4955,Bacteria,Proteobacteria
Brevundimonas intermedia,1323,CRW_16S_B_5020,Bacteria,Proteobacteria
Brevundimonas bullata,1367,CRW_16S_B_5342,Bacteria,Proteobacteria
Xanthobacter autotrophicus,1384,CRW_16S_B_5391,Bacteria,Proteobacteria
Streptomyces coeruleorubidus,1478,CRW_16S_B_1000,Bacteria,Actinobacteria
Streptomyces purpurascens,1477,CRW_16S_B_1002,Bacteria,Actinobacteria
Streptomyces mashuensis,1461,CRW_16S_B_1003,Bacteria,Actinobacteria
Streptomyces ipomoeae,1463,CRW_16S_B_1008,Bacteria,Actinobacteria
Streptomyces cyaneofuscatus,1436,CRW_16S_B_1011,Bacteria,Actinobacteria
Streptococcus cristatus,1428,CRW_16S_B_10055,Bacteria,Firmicutes
Streptomyces alboflavus,1455,CRW_16S_B_1012,Bacteria,Actinobacteria
Streptomyces griseocarneus,1463,CRW_16S_B_1014,Bacteria,Actinobacteria
Streptomyces orinoci,1469,CRW_16S_B_1017,Bacteria,Actinobacteria
Streptomyces exfoliatus,1452,CRW_16S_B_1019,Bacteria,Actinobacteria
Streptomyces cyaneus,1458,CRW_16S_B_1023,Bacteria,Actinobacteria
Streptomyces chryseus,1477,CRW_16S_B_1026,Bacteria,Actinobacteria
Streptomyces iakyrus,1475,CRW_16S_B_1027,Bacteria,Actinobacteria
Streptomyces roseus,1453,CRW_16S_B_1029,Bacteria,Actinobacteria
Streptomyces variabilis,1479,CRW_16S_B_1034,Bacteria,Actinobacteria
Streptococcus gordonii,1479,CRW_16S_B_10320,Bacteria,Firmicutes
Micromonospora chaiyaphumensis,1437,CRW_16S_B_1053,Bacteria,Actinobacteria
Streptococcus parauberis,1471,CRW_16S_B_10476,Bacteria,Firmicutes
Micromonospora marina,1437,CRW_16S_B_1056,Bacteria,Actinobacteria
Micromonospora krabiensis,1440,CRW_16S_B_1059,Bacteria,Actinobacteria
Streptomyces kanamyceticus,1474,CRW_16S_B_1077,Bacteria,Actinobacteria
Streptomyces hygroscopicus,1475,CRW_16S_B_1078,Bacteria,Actinobacteria
Actinoplanes capillaceus,1480,CRW_16S_B_11,Bacteria,Actinobacteria
Bacillus subtilis subsp. natto,1435,CRW_16S_B_11034,Bacteria,Firmicutes
Streptomyces sclerotialus,1437,CRW_16S_B_1110,Bacteria,Actinobacteria
Streptomyces lilacinus,1475,CRW_16S_B_1111,Bacteria,Actinobacteria
Streptomyces peucetius,1453,CRW_16S_B_1112,Bacteria,Actinobacteria
Streptomyces gardneri,1451,CRW_16S_B_1113,Bacteria,Actinobacteria
Enterococcus durans,1461,CRW_16S_B_11101,Bacteria,Firmicutes
Streptomyces malaysiensis,1445,CRW_16S_B_1123,Bacteria,Actinobacteria
Streptomyces aureoverticillatus,1453,CRW_16S_B_1124,Bacteria,Actinobacteria
Streptomyces bobili,1451,CRW_16S_B_1130,Bacteria,Actinobacteria
Streptomyces thermocarboxydus,1453,CRW_16S_B_1131,Bacteria,Actinobacteria
Bacillus atrophaeus,1429,CRW_16S_B_11326,Bacteria,Firmicutes
Bacillus badius,1442,CRW_16S_B_11331,Bacteria,Firmicutes
Brevibacillus agri,1419,CRW_16S_B_11334,Bacteria,Firmicutes
Brevibacillus borstelensis,1419,CRW_16S_B_11335,Bacteria,Firmicutes
Brevibacillus centrosporus,1419,CRW_16S_B_11339,Bacteria,Firmicutes
Brevibacillus choshinensis,1419,CRW_16S_B_11340,Bacteria,Firmicutes
Brevibacillus formosus,1419,CRW_16S_B_11342,Bacteria,Firmicutes
Brevibacillus laterosporus,1417,CRW_16S_B_11343,Bacteria,Firmicutes
Brevibacillus parabrevis,1419,CRW_16S_B_11347,Bacteria,Firmicutes
Brevibacillus reuszeri,1419,CRW_16S_B_11348,Bacteria,Firmicutes
Geobacillus kaustophilus,1434,CRW_16S_B_11433,Bacteria,Firmicutes
Streptacidiphilus neutrinimicus,1444,CRW_16S_B_1153,Bacteria,Actinobacteria
Virgibacillus pantothenticus,1439,CRW_16S_B_11472,Bacteria,Firmicutes
Sporosarcina pasteurii,1432,CRW_16S_B_11473,Bacteria,Firmicutes
Sporosarcina psychrophila,1458,CRW_16S_B_11478,Bacteria,Firmicutes
Streptomyces cangkringensis,1467,CRW_16S_B_1154,Bacteria,Actinobacteria
Exiguobacterium acetylicum,1473,CRW_16S_B_11486,Bacteria,Firmicutes
Brochothrix thermosphacta,1470,CRW_16S_B_11488,Bacteria,Firmicutes
Streptomyces mutomycini,1469,CRW_16S_B_1155,Bacteria,Actinobacteria
Bacillus smithii,1437,CRW_16S_B_11494,Bacteria,Firmicutes
Streptomyces albidochromogenes,1468,CRW_16S_B_1157,Bacteria,Actinobacteria
Streptomyces africanus,1456,CRW_16S_B_1159,Bacteria,Actinobacteria
Streptomyces speibonae,1475,CRW_16S_B_1163,Bacteria,Actinobacteria
Streptomyces indonesiensis,1408,CRW_16S_B_1164,Bacteria,Actinobacteria
Streptomyces glauciniger,1472,CRW_16S_B_1165,Bacteria,Actinobacteria
Streptomyces sulfonofaciens,1464,CRW_16S_B_1172,Bacteria,Actinobacteria
Streptomyces thermovulgaris,1463,CRW_16S_B_1173,Bacteria,Actinobacteria
Streptomyces aureus,1460,CRW_16S_B_1174,Bacteria,Actinobacteria
Streptomyces gougerotii,1452,CRW_16S_B_1180,Bacteria,Actinobacteria
Streptomyces glomeroaurantiacus,1456,CRW_16S_B_1181,Bacteria,Actinobacteria
Lactococcus garvieae,1427,CRW_16S_B_11766,Bacteria,Firmicutes
Staphylococcus simiae,1478,CRW_16S_B_11948,Bacteria,Firmicutes
Agrococcus jenensis,1473,CRW_16S_B_1204,Bacteria,Actinobacteria
Bacillus cohnii,1446,CRW_16S_B_12041,Bacteria,Firmicutes
Actinomyces denticolens,1422,CRW_16S_B_1211,Bacteria,Actinobacteria
Actinomyces gerencseriae,1415,CRW_16S_B_1214,Bacteria,Actinobacteria
Actinomyces howellii,1415,CRW_16S_B_1217,Bacteria,Actinobacteria
Actinoplanes deccanensis,1452,CRW_16S_B_1245,Bacteria,Actinobacteria
Actinoplanes derwentensis,1455,CRW_16S_B_1246,Bacteria,Actinobacteria
Kitasatospora setae,1478,CRW_16S_B_13,Bacteria,Actinobacteria
Bacillus sp. CDB3,1423,CRW_16S_B_13037,Bacteria,Firmicutes
Streptococcus pseudoporcinus,1472,CRW_16S_B_13084,Bacteria,Firmicutes
Rhodococcus maanshanensis,1411,CRW_16S_B_1327,Bacteria,Actinobacteria
Rhodococcus aetherivorans,1409,CRW_16S_B_1329,Bacteria,Actinobacteria
Nocardia caishijiensis,1426,CRW_16S_B_1332,Bacteria,Actinobacteria
Streptomyces tuirus,1455,CRW_16S_B_1338,Bacteria,Actinobacteria
Enterococcus saccharolyticus,1480,CRW_16S_B_13353,Bacteria,Firmicutes
Streptomyces cyanogenus,1443,CRW_16S_B_1345,Bacteria,Actinobacteria
Streptomyces rubrogriseus,1421,CRW_16S_B_1346,Bacteria,Actinobacteria
Agromyces fucosus,1466,CRW_16S_B_1379,Bacteria,Actinobacteria
Agromyces mediolanus,1447,CRW_16S_B_1382,Bacteria,Actinobacteria
Actinoplanes ianthinogenes,1444,CRW_16S_B_1388,Bacteria,Actinobacteria
Streptomyces atroolivaceus,1478,CRW_16S_B_1443,Bacteria,Actinobacteria
Streptomyces globosus,1478,CRW_16S_B_1450,Bacteria,Actinobacteria
Streptomyces fulvorobeus,1441,CRW_16S_B_1451,Bacteria,Actinobacteria
Streptomyces flavovariabilis,1478,CRW_16S_B_1454,Bacteria,Actinobacteria
Streptomyces inusitatus,1469,CRW_16S_B_1460,Bacteria,Actinobacteria
Streptomyces laurentii,1478,CRW_16S_B_1462,Bacteria,Actinobacteria
Streptomyces olivoreticuli subsp. olivoreticuli,1476,CRW_16S_B_1465,Bacteria,Actinobacteria
Streptomyces malachitofuscus,1469,CRW_16S_B_1467,Bacteria,Actinobacteria
Streptomyces libani subsp. rufus,1470,CRW_16S_B_1471,Bacteria,Actinobacteria
Streptomyces lomondensis,1467,CRW_16S_B_1472,Bacteria,Actinobacteria
Streptomyces nojiriensis,1477,CRW_16S_B_1475,Bacteria,Actinobacteria
Streptomyces longwoodensis,1441,CRW_16S_B_1476,Bacteria,Actinobacteria
Streptomyces torulosus,1479,CRW_16S_B_1486,Bacteria,Actinobacteria
Streptomyces spororaveus,1477,CRW_16S_B_1489,Bacteria,Actinobacteria
Streptomyces variegatus,1479,CRW_16S_B_1490,Bacteria,Actinobacteria
Streptomyces violaceorubidus,1478,CRW_16S_B_1493,Bacteria,Actinobacteria
Streptomyces spinoverrucosus,1477,CRW_16S_B_1495,Bacteria,Actinobacteria
Streptomyces tricolor,1442,CRW_16S_B_1499,Bacteria,Actinobacteria
Streptomyces violaceus,1479,CRW_16S_B_1505,Bacteria,Actinobacteria
Staphylococcus pseudintermedius,1402,CRW_16S_B_15056,Bacteria,Firmicutes
Enterococcus sp.,1440,CRW_16S_B_15068,Bacteria,Firmicutes
Exiguobacterium sp.,1473,CRW_16S_B_15094,Bacteria,Firmicutes
Globicatella sanguinis,1451,CRW_16S_B_15104,Bacteria,Firmicutes
Kurthia gibsonii,1463,CRW_16S_B_15113,Bacteria,Firmicutes
Kurthia zopfii,1451,CRW_16S_B_15114,Bacteria,Firmicutes
Leuconostoc citreum,1479,CRW_16S_B_15147,Bacteria,Firmicutes
Lactococcus plantarum,1477,CRW_16S_B_15157,Bacteria,Firmicutes
Lactococcus raffinolactis,1479,CRW_16S_B_15158,Bacteria,Firmicutes
Listeria innocua,1404,CRW_16S_B_15181,Bacteria,Firmicutes
Listeria welshimeri,1404,CRW_16S_B_15182,Bacteria,Firmicutes
Listeria monocytogenes,1404,CRW_16S_B_15185,Bacteria,Firmicutes
Marinococcus halophilus,1440,CRW_16S_B_15241,Bacteria,Firmicutes
Paenibacillus chibensis,1436,CRW_16S_B_15244,Bacteria,Firmicutes
Paenibacillus alvei,1433,CRW_16S_B_15246,Bacteria,Firmicutes
Paenibacillus durus,1432,CRW_16S_B_15252,Bacteria,Firmicutes
Paenibacillus chondroitinus,1417,CRW_16S_B_15254,Bacteria,Firmicutes
Paenibacillus curdlanolyticus,1436,CRW_16S_B_15255,Bacteria,Firmicutes
Paenibacillus glucanolyticus,1440,CRW_16S_B_15257,Bacteria,Firmicutes
Paenibacillus illinoisensis,1435,CRW_16S_B_15258,Bacteria,Firmicutes
Paenibacillus larvae,1437,CRW_16S_B_15261,Bacteria,Firmicutes
Paenibacillus lautus,1436,CRW_16S_B_15262,Bacteria,Firmicutes
Paenibacillus macerans,1435,CRW_16S_B_15266,Bacteria,Firmicutes
Paenibacillus macquariensis,1438,CRW_16S_B_15268,Bacteria,Firmicutes
Paenibacillus pabuli,1435,CRW_16S_B_15270,Bacteria,Firmicutes
Paenibacillus peoriae,1437,CRW_16S_B_15271,Bacteria,Firmicutes
Paenibacillus thiaminolyticus,1435,CRW_16S_B_15276,Bacteria,Firmicutes
Paenibacillus validus,1420,CRW_16S_B_15277,Bacteria,Firmicutes
Planococcus citreus,1432,CRW_16S_B_15285,Bacteria,Firmicutes
Planococcus kocurii,1430,CRW_16S_B_15286,Bacteria,Firmicutes
Planomicrobium okeanokoites,1472,CRW_16S_B_15287,Bacteria,Firmicutes
Sulfobacillus thermosulfidooxidans,1438,CRW_16S_B_15308,Bacteria,Firmicutes
Staphylococcus nepalensis,1438,CRW_16S_B_15312,Bacteria,Firmicutes
Staphylococcus piscifermentans,1454,CRW_16S_B_15319,Bacteria,Firmicutes
Halobacillus halophilus,1449,CRW_16S_B_15331,Bacteria,Firmicutes
Rhodococcus opacus,1446,CRW_16S_B_1542,Bacteria,Actinobacteria
Streptococcus uberis,1470,CRW_16S_B_15405,Bacteria,Firmicutes
Staphylococcus capitis,1469,CRW_16S_B_15427,Bacteria,Firmicutes
Actinoplanes nipponensis,1439,CRW_16S_B_1559,Bacteria,Actinobacteria
Streptomyces marokkonensis,1479,CRW_16S_B_1573,Bacteria,Actinobacteria
Kocuria carniphila,1420,CRW_16S_B_1634,Bacteria,Actinobacteria
Actinomadura citrea,1410,CRW_16S_B_1650,Bacteria,Actinobacteria
Actinomadura coerulea,1409,CRW_16S_B_1651,Bacteria,Actinobacteria
Actinomadura cremea,1410,CRW_16S_B_1652,Bacteria,Actinobacteria
Actinomadura luteofluorescens,1409,CRW_16S_B_1659,Bacteria,Actinobacteria
Actinoplanes humidus,1470,CRW_16S_B_1666,Bacteria,Actinobacteria
Amycolatopsis mediterranei,1410,CRW_16S_B_1670,Bacteria,Actinobacteria
Amycolatopsis orientalis,1418,CRW_16S_B_1673,Bacteria,Actinobacteria
Corynebacterium efficiens YS-314,1408,CRW_16S_B_1679,Bacteria,Actinobacteria
Clostridium paraputrificum,1435,CRW_16S_B_15498,Bacteria,Firmicutes
Clostridium baratii,1430,CRW_16S_B_15561,Bacteria,Firmicutes
Arthrobacter pascens,1474,CRW_16S_B_1695,Bacteria,Actinobacteria
Clostridium perfringens str. 13,1446,CRW_16S_B_15582,Bacteria,Firmicutes
Actinoplanes auranticolor,1411,CRW_16S_B_1697,Bacteria,Actinobacteria
Actinoplanes brasiliensis,1444,CRW_16S_B_1698,Bacteria,Actinobacteria
Actinoplanes cyaneus,1438,CRW_16S_B_1699,Bacteria,Actinobacteria
Actinoplanes regularis,1440,CRW_16S_B_1704,Bacteria,Actinobacteria
Arthrobacter crystallopoietes,1472,CRW_16S_B_1712,Bacteria,Actinobacteria
Butyrivibrio crossotus,1473,CRW_16S_B_15855,Bacteria,Firmicutes
Butyrivibrio fibrisolvens,1477,CRW_16S_B_15860,Bacteria,Firmicutes
Clostridium aminobutyricum,1441,CRW_16S_B_15878,Bacteria,Firmicutes
Clostridium aurantibutyricum,1421,CRW_16S_B_15884,Bacteria,Firmicutes
Aeromicrobium erythreum,1463,CRW_16S_B_1729,Bacteria,Actinobacteria
Aeromicrobium fastidiosum,1449,CRW_16S_B_1730,Bacteria,Actinobacteria
Clostridium carnis,1443,CRW_16S_B_15923,Bacteria,Firmicutes
Clostridium cochlearium,1448,CRW_16S_B_15936,Bacteria,Firmicutes
Clostridium estertheticum,1428,CRW_16S_B_15943,Bacteria,Firmicutes
Clostridium fallax,1458,CRW_16S_B_15945,Bacteria,Firmicutes
Tissierella praeacuta,1423,CRW_16S_B_15955,Bacteria,Firmicutes
Clostridium homopropionicum,1461,CRW_16S_B_15958,Bacteria,Firmicutes
Arthrobacter roseus,1477,CRW_16S_B_1734,Bacteria,Actinobacteria
Clostridium kluyveri,1426,CRW_16S_B_15963,Bacteria,Firmicutes
Thermobrachium celere,1404,CRW_16S_B_15973,Bacteria,Firmicutes
Clostridium novyi,1452,CRW_16S_B_15984,Bacteria,Firmicutes
Arthrobacter gandavensis,1445,CRW_16S_B_1737,Bacteria,Actinobacteria
Clostridium pascui,1471,CRW_16S_B_15991,Bacteria,Firmicutes
Clostridium puniceum,1442,CRW_16S_B_16006,Bacteria,Firmicutes
Clostridium scatologenes,1460,CRW_16S_B_16015,Bacteria,Firmicutes
Clostridium tyrobutyricum,1457,CRW_16S_B_16055,Bacteria,Firmicutes
Clostridium uliginosum,1437,CRW_16S_B_16056,Bacteria,Firmicutes
Desulfitobacterium sp.,1424,CRW_16S_B_16064,Bacteria,Firmicutes
Clostridium sp. BL-8,1473,CRW_16S_B_16091,Bacteria,Firmicutes
Epulopiscium sp.,1433,CRW_16S_B_16264,Bacteria,Firmicutes
Microbacterium esteraromaticum,1472,CRW_16S_B_1765,Bacteria,Actinobacteria
Microbacterium liquefaciens,1474,CRW_16S_B_1766,Bacteria,Actinobacteria
Dorea formicigenerans,1480,CRW_16S_B_16282,Bacteria,Firmicutes
Eubacterium ramulus,1477,CRW_16S_B_16297,Bacteria,Firmicutes
Microbacterium testaceum,1469,CRW_16S_B_1768,Bacteria,Actinobacteria
Mogibacterium timidum,1434,CRW_16S_B_16304,Bacteria,Firmicutes
Eubacterium uniforme,1471,CRW_16S_B_16307,Bacteria,Firmicutes
Mycobacterium shottsii,1452,CRW_16S_B_1771,Bacteria,Actinobacteria
Heliophilum fasciatum,1459,CRW_16S_B_16330,Bacteria,Firmicutes
Helcococcus kunzii,1465,CRW_16S_B_16339,Bacteria,Firmicutes
Pectinatus cerevisiiphilus,1425,CRW_16S_B_16356,Bacteria,Firmicutes
Pectinatus frisingensis,1440,CRW_16S_B_16357,Bacteria,Firmicutes
Peptococcus niger,1403,CRW_16S_B_16358,Bacteria,Firmicutes
Phascolarctobacterium faecium,1474,CRW_16S_B_16360,Bacteria,Firmicutes
Peptostreptococcus sp.,1405,CRW_16S_B_16362,Bacteria,Firmicutes
Pseudobutyrivibrio ruminis,1462,CRW_16S_B_16383,Bacteria,Firmicutes
Ruminococcus albus,1458,CRW_16S_B_16386,Bacteria,Firmicutes
Ruminococcus bromii,1478,CRW_16S_B_16387,Bacteria,Firmicutes
Ruminococcus callidus,1458,CRW_16S_B_16388,Bacteria,Firmicutes
Ruminococcus flavefaciens,1448,CRW_16S_B_16389,Bacteria,Firmicutes
Nocardiopsis dassonvillei,1459,CRW_16S_B_1780,Bacteria,Actinobacteria
Salinispora arenicola,1479,CRW_16S_B_1781,Bacteria,Actinobacteria
Thermoanaerobacterium aotearoense,1478,CRW_16S_B_16451,Bacteria,Firmicutes
Thermoanaerobacterium thermosaccharolyticum,1477,CRW_16S_B_16453,Bacteria,Firmicutes
Saccharothrix algeriensis,1429,CRW_16S_B_1788,Bacteria,Actinobacteria
Mycobacterium sp. DSM 3803,1475,CRW_16S_B_1798,Bacteria,Actinobacteria
Arthrobacter sp. I3,1415,CRW_16S_B_1825,Bacteria,Actinobacteria
Streptomyces reticuliscabiei,1477,CRW_16S_B_1842,Bacteria,Actinobacteria
Streptomyces acidiscabies,1477,CRW_16S_B_1844,Bacteria,Actinobacteria
Streptomyces europaeiscabiei,1456,CRW_16S_B_1853,Bacteria,Actinobacteria
Nocardia alba,1446,CRW_16S_B_1894,Bacteria,Actinobacteria
Streptomyces tendae,1471,CRW_16S_B_1898,Bacteria,Actinobacteria
Rhodococcus gordoniae,1403,CRW_16S_B_1899,Bacteria,Actinobacteria
Nocardia beijingensis,1479,CRW_16S_B_192,Bacteria,Actinobacteria
Acholeplasma laidlawii,1476,CRW_16S_B_16478,Bacteria,Tenericutes
Ureaplasma parvum serovar 3,1439,CRW_16S_B_16494,Bacteria,Tenericutes
Anaeroplasma bactoclasticum,1436,CRW_16S_B_16517,Bacteria,Tenericutes
Entomoplasma ellychniae,1433,CRW_16S_B_16825,Bacteria,Tenericutes
Entomoplasma melaleucae,1448,CRW_16S_B_16826,Bacteria,Tenericutes
Mycoplasma capricolum subsp. capripneumoniae,1466,CRW_16S_B_16862,Bacteria,Tenericutes
Rhodococcus sp. RD6.2,1441,CRW_16S_B_2055,Bacteria,Actinobacteria
Mesoplasma entomophilum,1443,CRW_16S_B_16873,Bacteria,Tenericutes
Mesoplasma lactucae ATCC 49193,1411,CRW_16S_B_16874,Bacteria,Tenericutes
Mycoplasma mycoides subsp. capri,1466,CRW_16S_B_16968,Bacteria,Tenericutes
Mycoplasma putrefaciens,1466,CRW_16S_B_16990,Bacteria,Tenericutes
Kitasatospora gansuensis,1429,CRW_16S_B_2071,Bacteria,Actinobacteria
Spiroplasma gladiatoris,1468,CRW_16S_B_17028,Bacteria,Tenericutes
Spiroplasma ixodetis,1428,CRW_16S_B_17029,Bacteria,Tenericutes
Spiroplasma poulsonii,1467,CRW_16S_B_17032,Bacteria,Tenericutes
Ureaplasma diversum,1478,CRW_16S_B_17038,Bacteria,Tenericutes
Ureaplasma urealyticum,1439,CRW_16S_B_17042,Bacteria,Tenericutes
Arthrobacter rhombi,1443,CRW_16S_B_2119,Bacteria,Actinobacteria
Nocardia pseudobrasiliensis,1478,CRW_16S_B_22,Bacteria,Actinobacteria
Micromonospora aurantiaca,1463,CRW_16S_B_2234,Bacteria,Actinobacteria
Mycobacterium pseudoshottsii,1435,CRW_16S_B_2235,Bacteria,Actinobacteria
Rhodococcus wratislaviensis,1446,CRW_16S_B_2433,Bacteria,Actinobacteria
Corynebacterium glutamicum,1452,CRW_16S_B_2442,Bacteria,Actinobacteria
Rhodococcus corynebacterioides,1475,CRW_16S_B_2460,Bacteria,Actinobacteria
Nesterenkonia jeotgali,1480,CRW_16S_B_2519,Bacteria,Actinobacteria
Streptomyces clavuligerus,1448,CRW_16S_B_2562,Bacteria,Actinobacteria
Streptomyces humiferus,1409,CRW_16S_B_2568,Bacteria,Actinobacteria
Streptomyces mirabilis,1448,CRW_16S_B_2572,Bacteria,Actinobacteria
Streptomyces venezuelae,1448,CRW_16S_B_2580,Bacteria,Actinobacteria
Streptomyces showdoensis,1448,CRW_16S_B_2582,Bacteria,Actinobacteria
Streptomyces cinerochromogenes,1443,CRW_16S_B_2585,Bacteria,Actinobacteria
Streptomyces griseoluteus,1406,CRW_16S_B_2590,Bacteria,Actinobacteria
Streptomyces coelicoflavus,1404,CRW_16S_B_2591,Bacteria,Actinobacteria
Streptomyces albospinus,1423,CRW_16S_B_2592,Bacteria,Actinobacteria
Streptomyces aurantiacus,1407,CRW_16S_B_2594,Bacteria,Actinobacteria
Streptomyces albaduncus,1448,CRW_16S_B_2596,Bacteria,Actinobacteria
Streptomyces cinereoruber subsp. fructofermentans,1432,CRW_16S_B_2597,Bacteria,Actinobacteria
Streptomyces coelescens,1429,CRW_16S_B_2600,Bacteria,Actinobacteria
Streptomyces alboniger,1419,CRW_16S_B_2607,Bacteria,Actinobacteria
Streptomyces chrestomyceticus,1457,CRW_16S_B_2631,Bacteria,Actinobacteria
Streptomyces althioticus,1421,CRW_16S_B_2640,Bacteria,Actinobacteria
Streptomyces capillispiralis,1419,CRW_16S_B_2646,Bacteria,Actinobacteria
Streptomyces bacillaris,1419,CRW_16S_B_2647,Bacteria,Actinobacteria
Streptomyces noursei,1424,CRW_16S_B_2656,Bacteria,Actinobacteria
Streptomyces djakartensis,1420,CRW_16S_B_2657,Bacteria,Actinobacteria
Streptomyces celluloflavus,1423,CRW_16S_B_2658,Bacteria,Actinobacteria
Streptomyces anthocyanicus,1421,CRW_16S_B_2662,Bacteria,Actinobacteria
Streptomyces achromogenes subsp. rubradiris,1420,CRW_16S_B_2675,Bacteria,Actinobacteria
Streptomyces viridodiastaticus,1421,CRW_16S_B_2680,Bacteria,Actinobacteria
Streptomyces viridiviolaceus,1420,CRW_16S_B_2682,Bacteria,Actinobacteria
Streptomyces aureocirculatus,1421,CRW_16S_B_2689,Bacteria,Actinobacteria
Streptomyces griseosporeus,1426,CRW_16S_B_2700,Bacteria,Actinobacteria
Streptomyces roseoviolaceus,1407,CRW_16S_B_2712,Bacteria,Actinobacteria
Kitasatospora griseola,1405,CRW_16S_B_2722,Bacteria,Actinobacteria
Streptomyces avidinii,1435,CRW_16S_B_2730,Bacteria,Actinobacteria
Streptomyces viridochromogenes,1440,CRW_16S_B_276,Bacteria,Actinobacteria
Brachybacterium faecium,1480,CRW_16S_B_2773,Bacteria,Actinobacteria
Bifidobacterium adolescentis,1477,CRW_16S_B_2776,Bacteria,Actinobacteria
Bifidobacterium animalis,1459,CRW_16S_B_2778,Bacteria,Actinobacteria
Bifidobacterium asteroides,1468,CRW_16S_B_2779,Bacteria,Actinobacteria
Bifidobacterium coryneforme,1475,CRW_16S_B_2791,Bacteria,Actinobacteria
Bifidobacterium dentium,1478,CRW_16S_B_2793,Bacteria,Actinobacteria
Bifidobacterium indicum,1474,CRW_16S_B_2794,Bacteria,Actinobacteria
Bifidobacterium minimum,1472,CRW_16S_B_2806,Bacteria,Actinobacteria
Bifidobacterium pseudolongum,1475,CRW_16S_B_2809,Bacteria,Actinobacteria
Bifidobacterium thermophilum,1453,CRW_16S_B_2812,Bacteria,Actinobacteria
Blastococcus aggregatus,1441,CRW_16S_B_2813,Bacteria,Actinobacteria
Brevibacterium casei,1450,CRW_16S_B_2815,Bacteria,Actinobacteria
Brevibacterium epidermidis,1480,CRW_16S_B_2816,Bacteria,Actinobacteria
Brevibacterium iodinum,1438,CRW_16S_B_2819,Bacteria,Actinobacteria
Brevibacterium linens,1473,CRW_16S_B_2820,Bacteria,Actinobacteria
Brachybacterium sacelli,1404,CRW_16S_B_2822,Bacteria,Actinobacteria
Cellulomonas biazotea,1452,CRW_16S_B_2841,Bacteria,Actinobacteria
Cellulosimicrobium cellulans,1452,CRW_16S_B_2842,Bacteria,Actinobacteria
Cellulomonas cellasea,1453,CRW_16S_B_2843,Bacteria,Actinobacteria
Cellulomonas fimi,1452,CRW_16S_B_2845,Bacteria,Actinobacteria
Cellulomonas sp.,1406,CRW_16S_B_2848,Bacteria,Actinobacteria
Oerskovia turbata,1451,CRW_16S_B_2849,Bacteria,Actinobacteria
Streptomyces yerevanensis,1447,CRW_16S_B_285,Bacteria,Actinobacteria
Leifsonia aquatica,1468,CRW_16S_B_2874,Bacteria,Actinobacteria
Corynebacterium flavescens,1409,CRW_16S_B_2893,Bacteria,Actinobacteria
Corynebacterium tuberculostearicum,1479,CRW_16S_B_2943,Bacteria,Actinobacteria
Corynebacterium urealyticum,1401,CRW_16S_B_2948,Bacteria,Actinobacteria
Corynebacterium variabile,1448,CRW_16S_B_2949,Bacteria,Actinobacteria
Catellatospora citrea,1478,CRW_16S_B_2965,Bacteria,Actinobacteria
Asanoa ferruginea,1478,CRW_16S_B_2968,Bacteria,Actinobacteria
Curtobacterium citreum,1472,CRW_16S_B_2970,Bacteria,Actinobacteria
Curtobacterium luteum,1472,CRW_16S_B_2971,Bacteria,Actinobacteria
Dermacoccus nishinomiyaensis,1464,CRW_16S_B_2982,Bacteria,Actinobacteria
Dermatophilus congolensis,1452,CRW_16S_B_2998,Bacteria,Actinobacteria
Streptomyces canus,1437,CRW_16S_B_300,Bacteria,Actinobacteria
Streptomyces chattanoogensis,1432,CRW_16S_B_301,Bacteria,Actinobacteria
Streptomyces jumonjinensis,1447,CRW_16S_B_3017,Bacteria,Actinobacteria
Streptomyces flavoviridis,1411,CRW_16S_B_3038,Bacteria,Actinobacteria
Streptomyces echinatus,1471,CRW_16S_B_307,Bacteria,Actinobacteria
Streptomyces eurythermus,1441,CRW_16S_B_308,Bacteria,Actinobacteria
Arthrobacter subterraneus,1465,CRW_16S_B_3112,Bacteria,Actinobacteria
Micromonospora carbonacea,1407,CRW_16S_B_3120,Bacteria,Actinobacteria
Nocardia gamkensis,1428,CRW_16S_B_3249,Bacteria,Actinobacteria
Nocardia cyriacigeorgica,1432,CRW_16S_B_3263,Bacteria,Actinobacteria
Lentzea kentuckyensis,1419,CRW_16S_B_3275,Bacteria,Actinobacteria
Streptomyces vietnamensis,1419,CRW_16S_B_3285,Bacteria,Actinobacteria
Arthrobacter woluwensis,1403,CRW_16S_B_3288,Bacteria,Actinobacteria
Streptomyces lincolnensis,1410,CRW_16S_B_3477,Bacteria,Actinobacteria
Actinosynnema pretiosum subsp. auranticum,1439,CRW_16S_B_3486,Bacteria,Actinobacteria
Frankia sp. R43,1474,CRW_16S_B_3487,Bacteria,Actinobacteria
Streptomyces avermitilis,1471,CRW_16S_B_3649,Bacteria,Actinobacteria
Streptomyces radiopugnans,1442,CRW_16S_B_3688,Bacteria,Actinobacteria
Gardnerella vaginalis,1477,CRW_16S_B_3795,Bacteria,Actinobacteria
Geodermatophilus obscurus,1411,CRW_16S_B_3797,Bacteria,Actinobacteria
Gordonia hydrophobica,1470,CRW_16S_B_3809,Bacteria,Actinobacteria
Jonesia denitrificans,1420,CRW_16S_B_3819,Bacteria,Actinobacteria
Kibdelosporangium aridum,1450,CRW_16S_B_3824,Bacteria,Actinobacteria
Kocuria polaris,1480,CRW_16S_B_3853,Bacteria,Actinobacteria
Kytococcus sedentarius,1480,CRW_16S_B_3856,Bacteria,Actinobacteria
Lentzea albidocapillata,1438,CRW_16S_B_3859,Bacteria,Actinobacteria
Microbacterium arborescens,1468,CRW_16S_B_3866,Bacteria,Actinobacteria
Microbacterium imperiale,1470,CRW_16S_B_3867,Bacteria,Actinobacteria
Microbacterium lacticum,1474,CRW_16S_B_3868,Bacteria,Actinobacteria
Microbispora rosea subsp. aerata,1415,CRW_16S_B_3869,Bacteria,Actinobacteria
Micromonospora citrea,1476,CRW_16S_B_3878,Bacteria,Actinobacteria
Micromonospora echinaurantiaca,1474,CRW_16S_B_3883,Bacteria,Actinobacteria
Micromonospora echinofusca,1472,CRW_16S_B_3884,Bacteria,Actinobacteria
Micromonospora endolithica,1477,CRW_16S_B_3886,Bacteria,Actinobacteria
Micromonospora fulviviridis,1465,CRW_16S_B_3887,Bacteria,Actinobacteria
Micromonospora inyonensis,1468,CRW_16S_B_3894,Bacteria,Actinobacteria
Micromonospora purpureochromogenes,1475,CRW_16S_B_3903,Bacteria,Actinobacteria
Micromonospora chersina,1477,CRW_16S_B_3906,Bacteria,Actinobacteria
Micromonospora halophytica,1476,CRW_16S_B_3912,Bacteria,Actinobacteria
Micromonospora inositola,1478,CRW_16S_B_3913,Bacteria,Actinobacteria
Micromonospora rosaria,1477,CRW_16S_B_3918,Bacteria,Actinobacteria
Micromonospora peucetia,1477,CRW_16S_B_3932,Bacteria,Actinobacteria
Micromonospora sagamiensis,1466,CRW_16S_B_3938,Bacteria,Actinobacteria
Microtetraspora fusca,1413,CRW_16S_B_3952,Bacteria,Actinobacteria
Microtetraspora glauca,1416,CRW_16S_B_3953,Bacteria,Actinobacteria
Microtetraspora niveoalba,1416,CRW_16S_B_3955,Bacteria,Actinobacteria
Micromonospora viridifaciens,1479,CRW_16S_B_3956,Bacteria,Actinobacteria
Mycobacterium cookii,1459,CRW_16S_B_4006,Bacteria,Actinobacteria
Mycobacterium gastri,1460,CRW_16S_B_4017,Bacteria,Actinobacteria
Mycobacterium intermedium,1441,CRW_16S_B_4028,Bacteria,Actinobacteria
Mycobacterium interjectum,1439,CRW_16S_B_4038,Bacteria,Actinobacteria
Mycobacterium scrofulaceum,1459,CRW_16S_B_4070,Bacteria,Actinobacteria
Mycobacterium tuberculosis,1464,CRW_16S_B_4095,Bacteria,Actinobacteria
Nocardioides albus,1450,CRW_16S_B_4113,Bacteria,Actinobacteria
Nocardioides luteus,1447,CRW_16S_B_4116,Bacteria,Actinobacteria
Nocardioides sp.,1451,CRW_16S_B_4122,Bacteria,Actinobacteria
Nonomuraea africana,1413,CRW_16S_B_4158,Bacteria,Actinobacteria
Nonomuraea angiospora,1411,CRW_16S_B_4159,Bacteria,Actinobacteria
Nonomuraea polychroma,1413,CRW_16S_B_4162,Bacteria,Actinobacteria
Nonomuraea pusilla,1414,CRW_16S_B_4163,Bacteria,Actinobacteria
Nonomuraea spiralis,1409,CRW_16S_B_4168,Bacteria,Actinobacteria
Nocardia puris,1474,CRW_16S_B_4170,Bacteria,Actinobacteria
Nocardiopsis alba,1461,CRW_16S_B_4171,Bacteria,Actinobacteria
Pilimelia anulata,1468,CRW_16S_B_4180,Bacteria,Actinobacteria
Pilimelia terevasa,1478,CRW_16S_B_4181,Bacteria,Actinobacteria
Propioniferax innocua,1450,CRW_16S_B_4184,Bacteria,Actinobacteria
Promicromonospora citrea,1453,CRW_16S_B_4185,Bacteria,Actinobacteria
Oerskovia enterophila,1451,CRW_16S_B_4186,Bacteria,Actinobacteria
Propionibacterium freudenreichii,1462,CRW_16S_B_4192,Bacteria,Actinobacteria
Pseudonocardia saturnea,1429,CRW_16S_B_4207,Bacteria,Actinobacteria
Rothia dentocariosa,1476,CRW_16S_B_4274,Bacteria,Actinobacteria
Rathayibacter rathayi,1464,CRW_16S_B_4276,Bacteria,Actinobacteria
Rathayibacter tritici,1471,CRW_16S_B_4278,Bacteria,Actinobacteria
Saccharothrix australiensis,1460,CRW_16S_B_4312,Bacteria,Actinobacteria
Saccharothrix coeruleofusca,1458,CRW_16S_B_4313,Bacteria,Actinobacteria
Streptomyces griseochromogenes,1448,CRW_16S_B_4321,Bacteria,Actinobacteria
Streptomyces rhizosphaericus,1480,CRW_16S_B_4347,Bacteria,Actinobacteria
Streptomyces albidoflavus,1476,CRW_16S_B_4365,Bacteria,Actinobacteria
Streptomyces cellulosae,1461,CRW_16S_B_440,Bacteria,Actinobacteria
Streptomyces cinnabarinus,1450,CRW_16S_B_441,Bacteria,Actinobacteria
Kitasatospora phosalacinea,1457,CRW_16S_B_4411,Bacteria,Actinobacteria
Streptosporangium album,1447,CRW_16S_B_4461,Bacteria,Actinobacteria
Streptosporangium amethystogenes,1449,CRW_16S_B_4462,Bacteria,Actinobacteria
Streptosporangium violaceochromogenes,1456,CRW_16S_B_4488,Bacteria,Actinobacteria
Streptomyces griseoloalbus,1405,CRW_16S_B_449,Bacteria,Actinobacteria
Rothia mucilaginosa,1467,CRW_16S_B_4498,Bacteria,Actinobacteria
Tsukamurella pulmonis,1460,CRW_16S_B_4521,Bacteria,Actinobacteria
Acetobacter aceti,1440,CRW_16S_B_4525,Bacteria,Proteobacteria
Aminobacter aganoensis,1467,CRW_16S_B_4526,Bacteria,Proteobacteria
Asaia bogorensis,1411,CRW_16S_B_4532,Bacteria,Proteobacteria
Acetobacter estunensis,1441,CRW_16S_B_4537,Bacteria,Proteobacteria
Acetobacter orleanensis,1443,CRW_16S_B_4538,Bacteria,Proteobacteria
Acetobacter lovaniensis,1443,CRW_16S_B_4539,Bacteria,Proteobacteria
Acetobacter indonesiensis,1447,CRW_16S_B_4541,Bacteria,Proteobacteria
Acetobacter tropicalis,1451,CRW_16S_B_4542,Bacteria,Proteobacteria
Asaia siamensis,1411,CRW_16S_B_4545,Bacteria,Proteobacteria
Acetobacter syzygii,1412,CRW_16S_B_4551,Bacteria,Proteobacteria
Kozakia baliensis,1416,CRW_16S_B_4555,Bacteria,Proteobacteria
Brevundimonas nasdae,1427,CRW_16S_B_4570,Bacteria,Proteobacteria
Sphingomonas yabuuchiae,1454,CRW_16S_B_4571,Bacteria,Proteobacteria
Rhodopseudomonas palustris,1446,CRW_16S_B_4579,Bacteria,Proteobacteria
Rhodovulum strictum,1427,CRW_16S_B_4580,Bacteria,Proteobacteria
Sphingobium yanoikuyae,1421,CRW_16S_B_4603,Bacteria,Proteobacteria
Acidomonas methanolica,1409,CRW_16S_B_4605,Bacteria,Proteobacteria
uncultured Sphingomonadaceae bacterium,1409,CRW_16S_B_4621,Bacteria,Proteobacteria
Acetobacter pasteurianus,1429,CRW_16S_B_4625,Bacteria,Proteobacteria
Beijerinckia mobilis,1433,CRW_16S_B_4630,Bacteria,Proteobacteria
Gluconobacter thailandicus,1437,CRW_16S_B_4647,Bacteria,Proteobacteria
Methylobacterium organophilum,1403,CRW_16S_B_4688,Bacteria,Proteobacteria
Gluconobacter oxydans,1409,CRW_16S_B_4703,Bacteria,Proteobacteria
Gluconobacter frateurii,1409,CRW_16S_B_4712,Bacteria,Proteobacteria
Gluconobacter cerinus,1409,CRW_16S_B_4718,Bacteria,Proteobacteria
Streptomyces sparsogenes,1470,CRW_16S_B_474,Bacteria,Actinobacteria
Streptomyces termitum,1470,CRW_16S_B_475,Bacteria,Actinobacteria
Streptomyces tubercidicus,1456,CRW_16S_B_477,Bacteria,Actinobacteria
Bradyrhizobium canariense,1457,CRW_16S_B_4777,Bacteria,Proteobacteria
Streptomyces umbrinus,1444,CRW_16S_B_478,Bacteria,Actinobacteria
Streptomyces vinaceusdrappus,1450,CRW_16S_B_484,Bacteria,Actinobacteria
Streptomyces violaceochromogenes,1464,CRW_16S_B_485,Bacteria,Actinobacteria
Bartonella elizabethae,1452,CRW_16S_B_4878,Bacteria,Proteobacteria
Streptomyces violarus,1477,CRW_16S_B_489,Bacteria,Actinobacteria
Acetobacter cerevisiae,1442,CRW_16S_B_4919,Bacteria,Proteobacteria
Streptomyces yokosukanensis,1473,CRW_16S_B_492,Bacteria,Actinobacteria
Aquamicrobium defluvii,1423,CRW_16S_B_4923,Bacteria,Proteobacteria
Asticcacaulis excentricus,1416,CRW_16S_B_4946,Bacteria,Proteobacteria
Aminobacter ciceronei,1407,CRW_16S_B_4950,Bacteria,Proteobacteria
Aminobacter lissarensis,1431,CRW_16S_B_4954,Bacteria,Proteobacteria
Rhodopseudomonas faecalis,1444,CRW_16S_B_4957,Bacteria,Proteobacteria
Methylocystis sp. LW5,1452,CRW_16S_B_4964,Bacteria,Proteobacteria
Methylocystis parvus,1450,CRW_16S_B_4967,Bacteria,Proteobacteria
Bradyrhizobium yuanmingense,1426,CRW_16S_B_4970,Bacteria,Proteobacteria
Streptomyces kurssanovii,1452,CRW_16S_B_498,Bacteria,Actinobacteria
Streptomyces parvulus,1472,CRW_16S_B_499,Bacteria,Actinobacteria
Streptomyces calvus,1476,CRW_16S_B_502,Bacteria,Actinobacteria
Rhizobium loessense,1413,CRW_16S_B_5029,Bacteria,Proteobacteria
Streptomyces finlayi,1455,CRW_16S_B_503,Bacteria,Actinobacteria
Swaminathania salitolerans,1455,CRW_16S_B_5081,Bacteria,Proteobacteria
Streptomyces zaomyceticus,1480,CRW_16S_B_518,Bacteria,Actinobacteria
Streptomyces xantholiticus,1432,CRW_16S_B_521,Bacteria,Actinobacteria
Streptomyces niger,1475,CRW_16S_B_524,Bacteria,Actinobacteria
uncultured Caulobacter sp.,1445,CRW_16S_B_5267,Bacteria,Proteobacteria
Nitratireductor aquibiodomus,1456,CRW_16S_B_5288,Bacteria,Proteobacteria
Streptomyces novaecaesareae,1455,CRW_16S_B_529,Bacteria,Actinobacteria
Agrobacterium rubi,1438,CRW_16S_B_5296,Bacteria,Proteobacteria
Agrobacterium sp.,1437,CRW_16S_B_5299,Bacteria,Proteobacteria
Streptomyces flavofungini,1465,CRW_16S_B_531,Bacteria,Actinobacteria
Streptomyces phaeofaciens,1473,CRW_16S_B_532,Bacteria,Actinobacteria
Halobacillus locisalis,1522,CRW_16S_B_9971,Bacteria,Firmicutes
Bacillus thuringiensis serovar galleriae,1520,CRW_16S_B_10299,Bacteria,Firmicutes
Bacillus thuringiensis serovar israelensis,1528,CRW_16S_B_10300,Bacteria,Firmicutes
Geobacillus thermoleovorans,1518,CRW_16S_B_10384,Bacteria,Firmicutes
Geobacillus thermocatenulatus,1521,CRW_16S_B_10386,Bacteria,Firmicutes
Enterococcus hirae,1484,CRW_16S_B_10387,Bacteria,Firmicutes
Micromonospora chokoriensis,1503,CRW_16S_B_1098,Bacteria,Actinobacteria
Micromonospora coxensis,1511,CRW_16S_B_1099,Bacteria,Actinobacteria
Enterococcus caccae,1483,CRW_16S_B_11160,Bacteria,Firmicutes
Streptomyces thermodiastaticus,1482,CRW_16S_B_1133,Bacteria,Actinobacteria
Streptomyces monomycini,1484,CRW_16S_B_1141,Bacteria,Actinobacteria
Geobacillus thermodenitrificans,1515,CRW_16S_B_11412,Bacteria,Firmicutes
Anoxybacillus flavithermus,1524,CRW_16S_B_11420,Bacteria,Firmicutes
Streptomyces asiaticus,1482,CRW_16S_B_1151,Bacteria,Actinobacteria
Bacillus methanolicus,1550,CRW_16S_B_11455,Bacteria,Firmicutes
Bacillus oleronius,1500,CRW_16S_B_11469,Bacteria,Firmicutes
Bacillus halmapalus,1504,CRW_16S_B_11498,Bacteria,Firmicutes
Bacillus sporothermodurans,1496,CRW_16S_B_11566,Bacteria,Firmicutes
Bacillus subtilis subsp. subtilis str. 168,1550,CRW_16S_B_11581,Bacteria,Firmicutes
Streptomyces mexicanus,1483,CRW_16S_B_1166,Bacteria,Actinobacteria
Aneurinibacillus thermoaerophilus,1485,CRW_16S_B_11619,Bacteria,Firmicutes
Streptomyces seoulensis,1481,CRW_16S_B_1169,Bacteria,Actinobacteria
Bacillus cereus E33L,1510,CRW_16S_B_11644,Bacteria,Firmicutes
Streptococcus pyogenes MGAS10394,1550,CRW_16S_B_11664,Bacteria,Firmicutes
Streptococcus agalactiae A909,1507,CRW_16S_B_11694,Bacteria,Firmicutes
Carnobacterium divergens,1493,CRW_16S_B_11736,Bacteria,Firmicutes
Carnobacterium maltaromaticum,1493,CRW_16S_B_11741,Bacteria,Firmicutes
Caryophanon tenue,1492,CRW_16S_B_11746,Bacteria,Firmicutes
Dolosigranulum pigrum,1523,CRW_16S_B_11749,Bacteria,Firmicutes
uncultured Gemella sp.,1493,CRW_16S_B_11788,Bacteria,Firmicutes
Micromonospora pattaloongensis,1511,CRW_16S_B_1194,Bacteria,Actinobacteria
Halobacillus karajensis,1517,CRW_16S_B_11886,Bacteria,Firmicutes
Arcanobacterium haemolyticum,1489,CRW_16S_B_1195,Bacteria,Actinobacteria
Streptomyces caelestis,1518,CRW_16S_B_1206,Bacteria,Actinobacteria
Actinobaculum suis,1526,CRW_16S_B_1237,Bacteria,Actinobacteria
Actinoplanes digitatis,1507,CRW_16S_B_1247,Bacteria,Actinobacteria
Actinoplanes durhamensis,1509,CRW_16S_B_1248,Bacteria,Actinobacteria
Tropheryma whipplei str. Twist,1525,CRW_16S_B_1249,Bacteria,Actinobacteria
Enterococcus lactis,1499,CRW_16S_B_12888,Bacteria,Firmicutes
Mycobacterium montefiorense,1517,CRW_16S_B_1301,Bacteria,Actinobacteria
Enterococcus casseliflavus,1482,CRW_16S_B_13312,Bacteria,Firmicutes
Staphylococcus pettenkoferi,1535,CRW_16S_B_13545,Bacteria,Firmicutes
Actinoplanes ferrugineus,1509,CRW_16S_B_1375,Bacteria,Actinobacteria
Agromyces cerinus,1486,CRW_16S_B_1377,Bacteria,Actinobacteria
Agromyces ramosus,1482,CRW_16S_B_1385,Bacteria,Actinobacteria
Streptomyces violens,1498,CRW_16S_B_1414,Bacteria,Actinobacteria
Streptomyces rimosus subsp. paromomycinus,1496,CRW_16S_B_1419,Bacteria,Actinobacteria
Arthrobacter pigmenti,1489,CRW_16S_B_1424,Bacteria,Actinobacteria
Enterococcus cecorum,1496,CRW_16S_B_15069,Bacteria,Firmicutes
Exiguobacterium aurantiacum,1527,CRW_16S_B_15093,Bacteria,Firmicutes
Gemella haemolysans,1537,CRW_16S_B_15101,Bacteria,Firmicutes
Gemella morbillorum,1536,CRW_16S_B_15103,Bacteria,Firmicutes
Lactobacillus acetotolerans,1518,CRW_16S_B_15116,Bacteria,Firmicutes
Lactobacillus amylovorus,1512,CRW_16S_B_15124,Bacteria,Firmicutes
Lactococcus piscium,1484,CRW_16S_B_15156,Bacteria,Firmicutes
Leuconostoc fallax,1505,CRW_16S_B_15159,Bacteria,Firmicutes
Leuconostoc lactis,1499,CRW_16S_B_15160,Bacteria,Firmicutes
Leuconostoc mesenteroides,1494,CRW_16S_B_15161,Bacteria,Firmicutes
Lactobacillus delbrueckii,1488,CRW_16S_B_15167,Bacteria,Firmicutes
Listeria grayi,1494,CRW_16S_B_15190,Bacteria,Firmicutes
Listeria ivanovii,1492,CRW_16S_B_15193,Bacteria,Firmicutes
Lactobacillus delbrueckii subsp. lactis,1544,CRW_16S_B_15205,Bacteria,Firmicutes
Lactobacillus sp.,1519,CRW_16S_B_15235,Bacteria,Firmicutes
Paenibacillus apiarius,1489,CRW_16S_B_15251,Bacteria,Firmicutes
Pediococcus acidilactici,1526,CRW_16S_B_15282,Bacteria,Firmicutes
Pediococcus pentosaceus,1534,CRW_16S_B_15283,Bacteria,Firmicutes
Paenibacillus jamilae,1538,CRW_16S_B_15284,Bacteria,Firmicutes
Saccharococcus thermophilus,1538,CRW_16S_B_15291,Bacteria,Firmicutes
Staphylococcus condimenti,1545,CRW_16S_B_15301,Bacteria,Firmicutes
Salinicoccus roseus,1543,CRW_16S_B_15302,Bacteria,Firmicutes
Sporolactobacillus inulinus,1485,CRW_16S_B_15321,Bacteria,Firmicutes
Sporolactobacillus terrae,1483,CRW_16S_B_15328,Bacteria,Firmicutes
Streptococcus parasanguinis,1481,CRW_16S_B_15380,Bacteria,Firmicutes
Rhodococcus triatomae,1486,CRW_16S_B_1546,Bacteria,Actinobacteria
Staphylococcus sp.,1510,CRW_16S_B_15463,Bacteria,Firmicutes
Vagococcus fluvialis,1486,CRW_16S_B_15480,Bacteria,Firmicutes
Vagococcus salmoninarum,1492,CRW_16S_B_15481,Bacteria,Firmicutes
Weissella kandleri,1517,CRW_16S_B_15486,Bacteria,Firmicutes
Weissella minor,1516,CRW_16S_B_15488,Bacteria,Firmicutes
Weissella paramesenteroides,1524,CRW_16S_B_15490,Bacteria,Firmicutes
Corynebacterium glutamicum ATCC 13032,1524,CRW_16S_B_1684,Bacteria,Actinobacteria
Acidaminococcus fermentans,1506,CRW_16S_B_15495,Bacteria,Firmicutes
Clostridium sardiniense,1519,CRW_16S_B_15533,Bacteria,Firmicutes
Actinoplanes palleronii,1508,CRW_16S_B_1693,Bacteria,Actinobacteria
Actinoplanes utahensis,1508,CRW_16S_B_1705,Bacteria,Actinobacteria
Arthrobacter agilis,1482,CRW_16S_B_1708,Bacteria,Actinobacteria
Clostridium algidicarnis,1511,CRW_16S_B_15877,Bacteria,Firmicutes
Clostridium argentinense,1504,CRW_16S_B_15882,Bacteria,Firmicutes
Clostridium chauvoei,1507,CRW_16S_B_15932,Bacteria,Firmicutes
Clostridium formicaceticum,1521,CRW_16S_B_15949,Bacteria,Firmicutes
Caloramator fervidus,1519,CRW_16S_B_15974,Bacteria,Firmicutes
Clostridium pasteurianum,1486,CRW_16S_B_15992,Bacteria,Firmicutes
Dendrosporobacter quercicolus,1503,CRW_16S_B_16010,Bacteria,Firmicutes
Clostridium septicum,1507,CRW_16S_B_16016,Bacteria,Firmicutes
Clostridium tetani,1508,CRW_16S_B_16037,Bacteria,Firmicutes
Clostridium thermobutyricum,1495,CRW_16S_B_16044,Bacteria,Firmicutes
Clostridium thermopalmarium,1503,CRW_16S_B_16051,Bacteria,Firmicutes
Coprothermobacter proteolyticus,1525,CRW_16S_B_16053,Bacteria,Coprothermobacterota
Desulfitobacterium dehalogenans,1514,CRW_16S_B_16061,Bacteria,Firmicutes
Desulfitobacterium hafniense,1530,CRW_16S_B_16063,Bacteria,Firmicutes
Dialister pneumosintes,1504,CRW_16S_B_16072,Bacteria,Firmicutes
Eubacterium barkeri,1518,CRW_16S_B_16269,Bacteria,Firmicutes
Eubacterium limosum,1487,CRW_16S_B_16286,Bacteria,Firmicutes
Microbacterium sp.,1524,CRW_16S_B_1767,Bacteria,Actinobacteria
Eubacterium ventriosum,1529,CRW_16S_B_16308,Bacteria,Firmicutes
Faecalibacterium prausnitzii,1499,CRW_16S_B_16315,Bacteria,Firmicutes
Heliobacterium chlorum,1512,CRW_16S_B_16328,Bacteria,Firmicutes
Megasphaera elsdenii,1539,CRW_16S_B_16347,Bacteria,Firmicutes
Oxobacter pfennigii,1496,CRW_16S_B_16355,Bacteria,Firmicutes
Pseudoramibacter alactolyticus,1521,CRW_16S_B_16382,Bacteria,Firmicutes
Succiniclasticum ruminis,1505,CRW_16S_B_16398,Bacteria,Firmicutes
Schwartzia succinivorans,1489,CRW_16S_B_16399,Bacteria,Firmicutes
Thermoanaerobacter thermocopriae,1522,CRW_16S_B_16445,Bacteria,Firmicutes
Veillonella atypica,1513,CRW_16S_B_16463,Bacteria,Firmicutes
Veillonella dispar,1513,CRW_16S_B_16464,Bacteria,Firmicutes
Veillonella parvula,1513,CRW_16S_B_16465,Bacteria,Firmicutes
Streptomyces koyangensis,1488,CRW_16S_B_1789,Bacteria,Actinobacteria
Mycobacterium sp. JS623,1519,CRW_16S_B_1799,Bacteria,Actinobacteria
Streptomyces stelliscabiei,1523,CRW_16S_B_1851,Bacteria,Actinobacteria
Mycobacterium saskatchewanense,1511,CRW_16S_B_1868,Bacteria,Actinobacteria
Mycobacterium sherrisii,1510,CRW_16S_B_2002,Bacteria,Actinobacteria
Acholeplasma oculi,1490,CRW_16S_B_16481,Bacteria,Tenericutes
Maize bushy stunt phytoplasma,1527,CRW_16S_B_16587,Bacteria,Tenericutes
Aster yellows witches'-broom phytoplasma AYWB,1531,CRW_16S_B_16746,Bacteria,Tenericutes
Erysipelothrix rhusiopathiae,1487,CRW_16S_B_16827,Bacteria,Firmicutes
Candidatus Phytoplasma oryzae,1523,CRW_16S_B_16948,Bacteria,Tenericutes
Spiroplasma citri,1525,CRW_16S_B_17024,Bacteria,Tenericutes
Streptomyces sp. SS,1521,CRW_16S_B_2115,Bacteria,Actinobacteria
Streptomyces fungicidicus,1488,CRW_16S_B_2290,Bacteria,Actinobacteria
Streptomyces cinereus,1487,CRW_16S_B_261,Bacteria,Actinobacteria
Streptomyces badius,1496,CRW_16S_B_2620,Bacteria,Actinobacteria
Streptomyces durhamensis,1494,CRW_16S_B_2622,Bacteria,Actinobacteria
Streptomyces eurocidicus,1492,CRW_16S_B_2627,Bacteria,Actinobacteria
Streptomyces cirratus,1493,CRW_16S_B_2630,Bacteria,Actinobacteria
Streptomyces asterosporus,1532,CRW_16S_B_2728,Bacteria,Actinobacteria
Streptomyces bungoensis,1488,CRW_16S_B_2731,Bacteria,Actinobacteria
Streptomyces kasugaensis,1536,CRW_16S_B_2745,Bacteria,Actinobacteria
Brachybacterium alimentarium,1512,CRW_16S_B_2770,Bacteria,Actinobacteria
Brachybacterium nesterenkovii,1514,CRW_16S_B_2774,Bacteria,Actinobacteria
Brachybacterium tyrofermentans,1512,CRW_16S_B_2775,Bacteria,Actinobacteria
Bifidobacterium cuniculi,1487,CRW_16S_B_2792,Bacteria,Actinobacteria
Bifidobacterium magnum,1484,CRW_16S_B_2805,Bacteria,Actinobacteria
Streptomyces ochraceiscleroticus,1498,CRW_16S_B_281,Bacteria,Actinobacteria
Bifidobacterium sp.,1528,CRW_16S_B_2810,Bacteria,Actinobacteria
Asanoa ishikariensis,1508,CRW_16S_B_2840,Bacteria,Actinobacteria
Cellulomonas flavigena,1500,CRW_16S_B_2846,Bacteria,Actinobacteria
Cellulomonas gelida,1500,CRW_16S_B_2847,Bacteria,Actinobacteria
Cellulomonas uda,1500,CRW_16S_B_2850,Bacteria,Actinobacteria
Leifsonia xyli,1524,CRW_16S_B_2862,Bacteria,Actinobacteria
Streptomyces poonensis,1516,CRW_16S_B_287,Bacteria,Actinobacteria
Corynebacterium coyleae,1483,CRW_16S_B_2884,Bacteria,Actinobacteria
Corynebacterium segmentosum,1485,CRW_16S_B_2938,Bacteria,Actinobacteria
Frankia alni ACN14a,1510,CRW_16S_B_2963,Bacteria,Actinobacteria
Cryobacterium psychrophilum,1501,CRW_16S_B_2972,Bacteria,Actinobacteria
Streptomyces atratus,1487,CRW_16S_B_3026,Bacteria,Actinobacteria
Streptomyces cacaoi subsp. asoensis,1493,CRW_16S_B_3032,Bacteria,Actinobacteria
Streptomyces varsoviensis,1499,CRW_16S_B_3041,Bacteria,Actinobacteria
Streptomyces prasinus,1498,CRW_16S_B_3046,Bacteria,Actinobacteria
Streptomyces clavifer,1499,CRW_16S_B_3056,Bacteria,Actinobacteria
Streptomyces violaceusniger,1488,CRW_16S_B_3295,Bacteria,Actinobacteria
Arthrobacter luteolus,1514,CRW_16S_B_3489,Bacteria,Actinobacteria
Dermabacter hominis,1511,CRW_16S_B_3702,Bacteria,Actinobacteria
Kocuria varians,1481,CRW_16S_B_3823,Bacteria,Actinobacteria
Mycobacterium haemophilum,1488,CRW_16S_B_4023,Bacteria,Actinobacteria
Mycobacterium tuberculosis CDC1551,1536,CRW_16S_B_4101,Bacteria,Actinobacteria
Nocardiopsis aegyptia,1487,CRW_16S_B_4111,Bacteria,Actinobacteria
Nocardioides plantarum,1484,CRW_16S_B_4117,Bacteria,Actinobacteria
Planobispora longispora,1499,CRW_16S_B_4179,Bacteria,Actinobacteria
Planomonospora parontospora,1508,CRW_16S_B_4183,Bacteria,Actinobacteria
Rhodococcus ruber,1481,CRW_16S_B_4257,Bacteria,Actinobacteria
Streptomyces melanosporofaciens,1483,CRW_16S_B_4323,Bacteria,Actinobacteria
Spirilliplanes yamanashiensis,1505,CRW_16S_B_4326,Bacteria,Actinobacteria
Streptomyces bluensis,1520,CRW_16S_B_4370,Bacteria,Actinobacteria
Streptomyces diastatochromogenes,1531,CRW_16S_B_4382,Bacteria,Actinobacteria
Streptomyces glaucescens,1519,CRW_16S_B_4390,Bacteria,Actinobacteria
Streptomyces megasporus,1490,CRW_16S_B_4404,Bacteria,Actinobacteria
Streptomyces neyagawaensis,1531,CRW_16S_B_4406,Bacteria,Actinobacteria
Streptomyces nodosus,1528,CRW_16S_B_4407,Bacteria,Actinobacteria
Streptomyces rimosus,1529,CRW_16S_B_4414,Bacteria,Actinobacteria
Streptomyces subrutilus,1516,CRW_16S_B_4431,Bacteria,Actinobacteria
Streptomyces sp. TN58,1516,CRW_16S_B_4440,Bacteria,Actinobacteria
Streptomyces lydicus,1502,CRW_16S_B_455,Bacteria,Actinobacteria
Streptomyces misionensis,1503,CRW_16S_B_459,Bacteria,Actinobacteria
Streptomyces nashvillensis,1503,CRW_16S_B_460,Bacteria,Actinobacteria
Brucella melitensis,1485,CRW_16S_B_4973,Bacteria,Proteobacteria
Geobacillus lituanicus,1561,CRW_16S_B_10531,Bacteria,Firmicutes
Geobacillus subterraneus,1561,CRW_16S_B_10542,Bacteria,Firmicutes
Geobacillus uzenensis,1561,CRW_16S_B_10545,Bacteria,Firmicutes
Bacillus halodurans C-125,1552,CRW_16S_B_11273,Bacteria,Firmicutes
Staphylococcus aureus subsp. aureus Mu50,1555,CRW_16S_B_11281,Bacteria,Firmicutes
Staphylococcus aureus subsp. aureus N315,1555,CRW_16S_B_11286,Bacteria,Firmicutes
Staphylococcus aureus subsp. aureus MW2,1555,CRW_16S_B_11291,Bacteria,Firmicutes
Geobacillus kaustophilus HTA426,1553,CRW_16S_B_11302,Bacteria,Firmicutes
Staphylococcus aureus subsp. aureus MRSA252,1555,CRW_16S_B_11632,Bacteria,Firmicutes
Staphylococcus aureus subsp. aureus MSSA476,1555,CRW_16S_B_11637,Bacteria,Firmicutes
Staphylococcus aureus subsp. aureus COL,1555,CRW_16S_B_11682,Bacteria,Firmicutes
Staphylococcus aureus subsp. aureus NCTC 8325,1556,CRW_16S_B_11701,Bacteria,Firmicutes
Staphylococcus aureus subsp. aureus USA300,1555,CRW_16S_B_11706,Bacteria,Firmicutes
Carnobacterium alterfunditum,1552,CRW_16S_B_11735,Bacteria,Firmicutes
Trichococcus pasteurii,1554,CRW_16S_B_15166,Bacteria,Firmicutes
Streptomyces sp. KCTC 0041BP,1551,CRW_16S_B_1616,Bacteria,Actinobacteria
Thermoanaerobacterium saccharolyticum,1552,CRW_16S_B_16452,Bacteria,Firmicutes
Thermoanaerobacter kivui,1662,CRW_16S_B_16444,Bacteria,Firmicutes